query_name,query_string,date_filter,field_of_study,license_type,group,therapy_area,non-oa,open_access,total
primary search (medicine or internal medicine or pharmacology) (12 - 24 months) - pharma,"(author.affiliation.name:(""pfizer"" OR ""astrazeneca"" OR ""eli lilly"" OR ""merck"" OR ""emd serono"" OR ""msd"" OR ""merck sharp & dohme"" OR ""bristol myers squibb"" OR ""novartis"" OR ""roche"" OR ""hoffmann-la roche"" OR ""genentech"" OR ""johnson & johnson"" OR ""janssen"" OR ""biosense webster"" OR ""glaxosmithkline"" OR ""gsk"" OR ""abbvie"" OR ""sanofi"" OR ""sanofi-aventis"" OR ""gilead sciences"" OR ""takeda"" OR ""boehringer ingelheim"" OR ""myokardia"" OR ""amgen"" OR ""applied molecular genetics"" OR ""bayer"" OR ""vertex pharmaceuticals"" OR ""regeneron"" OR ""novo nordisk"" OR ""biogen"" OR ""biogen idec"" OR ""daiichi sankyo"" OR ""astellas pharma"" OR ""asuterasu seiyaku kabushiki-gaisha"" OR ""otsuka"" OR ""otsuka seiyaku kabushiki-gaisha"" OR ""astex pharmaceuticals"" OR ""ucb"" OR ""union chimique belge"" OR ""moderna"" OR ""eisai"" OR ""ezai kabushiki-gaisha"" OR ""ea pharma"" OR ""csl"" OR ""zlb behring"" OR ""jiangsu hengrui medicine"" OR ""teva pharmaceuticals"" OR ""sumitomo dainippon pharma"" OR ""dainippon sumitomo seiyaku kabushiki-gaisha"" OR ""fresenius"" OR ""fresenius se & co. kgaa"" OR ""viatris"" OR ""kyowa kirin"" OR ""kyowa hakko kirin"" OR ""ipsen"" OR ""jazz pharmaceuticals"" OR ""azur pharma"" OR ""sino biopharm"" OR ""bausch health companies"" OR ""valeant pharmaceuticals"" OR ""cspc pharmaceutical group"" OR ""galapagos"" OR ""galapagos genomics"" NOT ""La Roche College"") OR author.affiliation.ror_id_lineage:(""01xdqrp08"" OR ""00by1q217"" OR ""04b2dty93"" OR ""02891sr49"" OR ""03qd7mz70"" OR ""00gtmwv55"" OR ""02f9zrr09"" OR ""04r9x1a08"" OR ""01qat3289"" OR ""01xsqw823"" OR ""02g5p4n58"" OR ""02n6c9837"" OR ""056546b03"" OR ""04hjbmv12"" OR ""00q32j219"" OR ""03g03ge92"" OR ""04hmn8g73"" OR ""00anb1726"" OR ""02f51rf24"" OR ""0435rc536"" OR ""02jqkb192"" OR ""027y26122"" OR ""01cjash87"" OR ""013k5y296"" OR ""01n029866"" OR ""01xm4wg91"" OR ""04vvh7p27"" OR ""044tc0x05"" OR ""04ayvvz32"" OR ""01wfv3m53"" OR ""04sapgw72"" OR ""01v376g59"" OR ""01g1gvr46"" OR ""000wej815"" OR ""00d801g55"" OR ""055mhsv54"" OR ""0086q4c12"" OR ""01zgpn844"" OR ""016mq8947"" OR ""04e4j5d46"")) AND publication_type:""journal article"" AND date_published>=now-24M AND date_published<=now-12M AND field_of_study: (""Medicine"" OR ""Internal medicine"" OR ""Pharmacology"")",AND date_published>=now-24M AND date_published<=now-12M,"AND field_of_study: (""Medicine"" OR ""Internal medicine"" OR ""Pharmacology"")",NA,Pharma,NA,3254,10393,13647
oncology (primary search + oncology tags) (12 - 24 months) - pharma,"(author.affiliation.name:(""pfizer"" OR ""astrazeneca"" OR ""eli lilly"" OR ""merck"" OR ""emd serono"" OR ""msd"" OR ""merck sharp & dohme"" OR ""bristol myers squibb"" OR ""novartis"" OR ""roche"" OR ""hoffmann-la roche"" OR ""genentech"" OR ""johnson & johnson"" OR ""janssen"" OR ""biosense webster"" OR ""glaxosmithkline"" OR ""gsk"" OR ""abbvie"" OR ""sanofi"" OR ""sanofi-aventis"" OR ""gilead sciences"" OR ""takeda"" OR ""boehringer ingelheim"" OR ""myokardia"" OR ""amgen"" OR ""applied molecular genetics"" OR ""bayer"" OR ""vertex pharmaceuticals"" OR ""regeneron"" OR ""novo nordisk"" OR ""biogen"" OR ""biogen idec"" OR ""daiichi sankyo"" OR ""astellas pharma"" OR ""asuterasu seiyaku kabushiki-gaisha"" OR ""otsuka"" OR ""otsuka seiyaku kabushiki-gaisha"" OR ""astex pharmaceuticals"" OR ""ucb"" OR ""union chimique belge"" OR ""moderna"" OR ""eisai"" OR ""ezai kabushiki-gaisha"" OR ""ea pharma"" OR ""csl"" OR ""zlb behring"" OR ""jiangsu hengrui medicine"" OR ""teva pharmaceuticals"" OR ""sumitomo dainippon pharma"" OR ""dainippon sumitomo seiyaku kabushiki-gaisha"" OR ""fresenius"" OR ""fresenius se & co. kgaa"" OR ""viatris"" OR ""kyowa kirin"" OR ""kyowa hakko kirin"" OR ""ipsen"" OR ""jazz pharmaceuticals"" OR ""azur pharma"" OR ""sino biopharm"" OR ""bausch health companies"" OR ""valeant pharmaceuticals"" OR ""cspc pharmaceutical group"" OR ""galapagos"" OR ""galapagos genomics"" NOT ""La Roche College"") OR author.affiliation.ror_id_lineage:(""01xdqrp08"" OR ""00by1q217"" OR ""04b2dty93"" OR ""02891sr49"" OR ""03qd7mz70"" OR ""00gtmwv55"" OR ""02f9zrr09"" OR ""04r9x1a08"" OR ""01qat3289"" OR ""01xsqw823"" OR ""02g5p4n58"" OR ""02n6c9837"" OR ""056546b03"" OR ""04hjbmv12"" OR ""00q32j219"" OR ""03g03ge92"" OR ""04hmn8g73"" OR ""00anb1726"" OR ""02f51rf24"" OR ""0435rc536"" OR ""02jqkb192"" OR ""027y26122"" OR ""01cjash87"" OR ""013k5y296"" OR ""01n029866"" OR ""01xm4wg91"" OR ""04vvh7p27"" OR ""044tc0x05"" OR ""04ayvvz32"" OR ""01wfv3m53"" OR ""04sapgw72"" OR ""01v376g59"" OR ""01g1gvr46"" OR ""000wej815"" OR ""00d801g55"" OR ""055mhsv54"" OR ""0086q4c12"" OR ""01zgpn844"" OR ""016mq8947"" OR ""04e4j5d46"")) AND publication_type:""journal article"" AND date_published>=now-24M AND date_published<=now-12M AND field_of_study: ((""Medicine"" OR ""Internal medicine"" OR ""Pharmacology"") AND (""Oncology"" OR ""Cancer"" OR ""Cancer research"" OR ""Chemotherapy"" OR ""Breast cancer"" OR ""Lung cancer"" OR ""Prostate cancer"" OR ""Pembrolizumab"" OR ""Multiple myeloma"" OR ""Colorectal cancer"" OR ""Neutropenia"" OR ""Metastatic breast cancer"" OR ""Lymphoma"" OR ""Myeloid leukemia"" OR ""Melanoma"" OR ""Renal cell carcinoma"" OR ""Leukemia"" OR ""Chronic lymphocytic leukemia"" OR ""Hepatocellular carcinoma"" OR ""Febrile neutropenia"" OR ""Carcinoma"" OR ""Ovarian cancer"" OR ""Response Evaluation Criteria in Solid Tumors"" OR ""Adenocarcinoma"" OR ""Follicular lymphoma"" OR ""Diffuse large B-cell lymphoma"" OR ""Cancer cell"" OR ""non-small cell lung cancer (NSCLC)"" OR ""Triple-negative breast cancer"" OR ""Pancreatic cancer"" OR ""Cancer immunotherapy"" OR ""Bladder cancer"" OR ""Cervical cancer"" OR ""Head and neck squamous-cell carcinoma"" OR ""Metastatic Urothelial Carcinoma"" OR ""Surgical oncology"" OR ""Head and neck cancer"" OR ""Carcinogenesis""))",AND date_published>=now-24M AND date_published<=now-12M,"AND field_of_study: ((""Medicine"" OR ""Internal medicine"" OR ""Pharmacology"") AND (""Oncology"" OR ""Cancer"" OR ""Cancer research"" OR ""Chemotherapy"" OR ""Breast cancer"" OR ""Lung cancer"" OR ""Prostate cancer"" OR ""Pembrolizumab"" OR ""Multiple myeloma"" OR ""Colorectal cancer"" OR ""Neutropenia"" OR ""Metastatic breast cancer"" OR ""Lymphoma"" OR ""Myeloid leukemia"" OR ""Melanoma"" OR ""Renal cell carcinoma"" OR ""Leukemia"" OR ""Chronic lymphocytic leukemia"" OR ""Hepatocellular carcinoma"" OR ""Febrile neutropenia"" OR ""Carcinoma"" OR ""Ovarian cancer"" OR ""Response Evaluation Criteria in Solid Tumors"" OR ""Adenocarcinoma"" OR ""Follicular lymphoma"" OR ""Diffuse large B-cell lymphoma"" OR ""Cancer cell"" OR ""non-small cell lung cancer (NSCLC)"" OR ""Triple-negative breast cancer"" OR ""Pancreatic cancer"" OR ""Cancer immunotherapy"" OR ""Bladder cancer"" OR ""Cervical cancer"" OR ""Head and neck squamous-cell carcinoma"" OR ""Metastatic Urothelial Carcinoma"" OR ""Surgical oncology"" OR ""Head and neck cancer"" OR ""Carcinogenesis""))",NA,Pharma,Oncology,1387,2635,4022
pharmacology (primary search + pharmacology tags) (12 - 24 months) - pharma,"(author.affiliation.name:(""pfizer"" OR ""astrazeneca"" OR ""eli lilly"" OR ""merck"" OR ""emd serono"" OR ""msd"" OR ""merck sharp & dohme"" OR ""bristol myers squibb"" OR ""novartis"" OR ""roche"" OR ""hoffmann-la roche"" OR ""genentech"" OR ""johnson & johnson"" OR ""janssen"" OR ""biosense webster"" OR ""glaxosmithkline"" OR ""gsk"" OR ""abbvie"" OR ""sanofi"" OR ""sanofi-aventis"" OR ""gilead sciences"" OR ""takeda"" OR ""boehringer ingelheim"" OR ""myokardia"" OR ""amgen"" OR ""applied molecular genetics"" OR ""bayer"" OR ""vertex pharmaceuticals"" OR ""regeneron"" OR ""novo nordisk"" OR ""biogen"" OR ""biogen idec"" OR ""daiichi sankyo"" OR ""astellas pharma"" OR ""asuterasu seiyaku kabushiki-gaisha"" OR ""otsuka"" OR ""otsuka seiyaku kabushiki-gaisha"" OR ""astex pharmaceuticals"" OR ""ucb"" OR ""union chimique belge"" OR ""moderna"" OR ""eisai"" OR ""ezai kabushiki-gaisha"" OR ""ea pharma"" OR ""csl"" OR ""zlb behring"" OR ""jiangsu hengrui medicine"" OR ""teva pharmaceuticals"" OR ""sumitomo dainippon pharma"" OR ""dainippon sumitomo seiyaku kabushiki-gaisha"" OR ""fresenius"" OR ""fresenius se & co. kgaa"" OR ""viatris"" OR ""kyowa kirin"" OR ""kyowa hakko kirin"" OR ""ipsen"" OR ""jazz pharmaceuticals"" OR ""azur pharma"" OR ""sino biopharm"" OR ""bausch health companies"" OR ""valeant pharmaceuticals"" OR ""cspc pharmaceutical group"" OR ""galapagos"" OR ""galapagos genomics"" NOT ""La Roche College"") OR author.affiliation.ror_id_lineage:(""01xdqrp08"" OR ""00by1q217"" OR ""04b2dty93"" OR ""02891sr49"" OR ""03qd7mz70"" OR ""00gtmwv55"" OR ""02f9zrr09"" OR ""04r9x1a08"" OR ""01qat3289"" OR ""01xsqw823"" OR ""02g5p4n58"" OR ""02n6c9837"" OR ""056546b03"" OR ""04hjbmv12"" OR ""00q32j219"" OR ""03g03ge92"" OR ""04hmn8g73"" OR ""00anb1726"" OR ""02f51rf24"" OR ""0435rc536"" OR ""02jqkb192"" OR ""027y26122"" OR ""01cjash87"" OR ""013k5y296"" OR ""01n029866"" OR ""01xm4wg91"" OR ""04vvh7p27"" OR ""044tc0x05"" OR ""04ayvvz32"" OR ""01wfv3m53"" OR ""04sapgw72"" OR ""01v376g59"" OR ""01g1gvr46"" OR ""000wej815"" OR ""00d801g55"" OR ""055mhsv54"" OR ""0086q4c12"" OR ""01zgpn844"" OR ""016mq8947"" OR ""04e4j5d46"")) AND publication_type:""journal article"" AND date_published>=now-24M AND date_published<=now-12M AND field_of_study: ((""Medicine"" OR ""Internal medicine"" OR ""Pharmacology"") AND (""Pharmacology"" OR ""Pharmacokinetics"" OR ""Chemistry"" OR ""Biochemistry"" OR ""Pharmacodynamics"" OR ""In vitro"" OR ""Pharmacotherapy"" OR ""Clinical pharmacology""))",AND date_published>=now-24M AND date_published<=now-12M,"AND field_of_study: ((""Medicine"" OR ""Internal medicine"" OR ""Pharmacology"") AND (""Pharmacology"" OR ""Pharmacokinetics"" OR ""Chemistry"" OR ""Biochemistry"" OR ""Pharmacodynamics"" OR ""In vitro"" OR ""Pharmacotherapy"" OR ""Clinical pharmacology""))",NA,Pharma,Pharmacology,858,2277,3135
immunology (primary search + immunology tags) (12 - 24 months) - pharma,"(author.affiliation.name:(""pfizer"" OR ""astrazeneca"" OR ""eli lilly"" OR ""merck"" OR ""emd serono"" OR ""msd"" OR ""merck sharp & dohme"" OR ""bristol myers squibb"" OR ""novartis"" OR ""roche"" OR ""hoffmann-la roche"" OR ""genentech"" OR ""johnson & johnson"" OR ""janssen"" OR ""biosense webster"" OR ""glaxosmithkline"" OR ""gsk"" OR ""abbvie"" OR ""sanofi"" OR ""sanofi-aventis"" OR ""gilead sciences"" OR ""takeda"" OR ""boehringer ingelheim"" OR ""myokardia"" OR ""amgen"" OR ""applied molecular genetics"" OR ""bayer"" OR ""vertex pharmaceuticals"" OR ""regeneron"" OR ""novo nordisk"" OR ""biogen"" OR ""biogen idec"" OR ""daiichi sankyo"" OR ""astellas pharma"" OR ""asuterasu seiyaku kabushiki-gaisha"" OR ""otsuka"" OR ""otsuka seiyaku kabushiki-gaisha"" OR ""astex pharmaceuticals"" OR ""ucb"" OR ""union chimique belge"" OR ""moderna"" OR ""eisai"" OR ""ezai kabushiki-gaisha"" OR ""ea pharma"" OR ""csl"" OR ""zlb behring"" OR ""jiangsu hengrui medicine"" OR ""teva pharmaceuticals"" OR ""sumitomo dainippon pharma"" OR ""dainippon sumitomo seiyaku kabushiki-gaisha"" OR ""fresenius"" OR ""fresenius se & co. kgaa"" OR ""viatris"" OR ""kyowa kirin"" OR ""kyowa hakko kirin"" OR ""ipsen"" OR ""jazz pharmaceuticals"" OR ""azur pharma"" OR ""sino biopharm"" OR ""bausch health companies"" OR ""valeant pharmaceuticals"" OR ""cspc pharmaceutical group"" OR ""galapagos"" OR ""galapagos genomics"" NOT ""La Roche College"") OR author.affiliation.ror_id_lineage:(""01xdqrp08"" OR ""00by1q217"" OR ""04b2dty93"" OR ""02891sr49"" OR ""03qd7mz70"" OR ""00gtmwv55"" OR ""02f9zrr09"" OR ""04r9x1a08"" OR ""01qat3289"" OR ""01xsqw823"" OR ""02g5p4n58"" OR ""02n6c9837"" OR ""056546b03"" OR ""04hjbmv12"" OR ""00q32j219"" OR ""03g03ge92"" OR ""04hmn8g73"" OR ""00anb1726"" OR ""02f51rf24"" OR ""0435rc536"" OR ""02jqkb192"" OR ""027y26122"" OR ""01cjash87"" OR ""013k5y296"" OR ""01n029866"" OR ""01xm4wg91"" OR ""04vvh7p27"" OR ""044tc0x05"" OR ""04ayvvz32"" OR ""01wfv3m53"" OR ""04sapgw72"" OR ""01v376g59"" OR ""01g1gvr46"" OR ""000wej815"" OR ""00d801g55"" OR ""055mhsv54"" OR ""0086q4c12"" OR ""01zgpn844"" OR ""016mq8947"" OR ""04e4j5d46"")) AND publication_type:""journal article"" AND date_published>=now-24M AND date_published<=now-12M AND field_of_study: ((""Medicine"" OR ""Internal medicine"" OR ""Pharmacology"") AND (""Immunology"" OR ""Rheumatoid arthritis"" OR ""Immune system"" OR ""Inflammation"" OR ""Psoriatic arthritis"" OR ""Psoriasis"" OR ""Rheumatology"" OR ""Arthritis"" OR ""T cell"" OR ""Ankylosing spondylitis"" OR ""Cytotoxic T cell"" OR ""Proinflammatory cytokine"" OR ""Autoimmune disease""))",AND date_published>=now-24M AND date_published<=now-12M,"AND field_of_study: ((""Medicine"" OR ""Internal medicine"" OR ""Pharmacology"") AND (""Immunology"" OR ""Rheumatoid arthritis"" OR ""Immune system"" OR ""Inflammation"" OR ""Psoriatic arthritis"" OR ""Psoriasis"" OR ""Rheumatology"" OR ""Arthritis"" OR ""T cell"" OR ""Ankylosing spondylitis"" OR ""Cytotoxic T cell"" OR ""Proinflammatory cytokine"" OR ""Autoimmune disease""))",NA,Pharma,Immunology,395,2092,2487
endocrinology (primary search + endocrinology tags) (12 - 24 months) - pharma,"(author.affiliation.name:(""pfizer"" OR ""astrazeneca"" OR ""eli lilly"" OR ""merck"" OR ""emd serono"" OR ""msd"" OR ""merck sharp & dohme"" OR ""bristol myers squibb"" OR ""novartis"" OR ""roche"" OR ""hoffmann-la roche"" OR ""genentech"" OR ""johnson & johnson"" OR ""janssen"" OR ""biosense webster"" OR ""glaxosmithkline"" OR ""gsk"" OR ""abbvie"" OR ""sanofi"" OR ""sanofi-aventis"" OR ""gilead sciences"" OR ""takeda"" OR ""boehringer ingelheim"" OR ""myokardia"" OR ""amgen"" OR ""applied molecular genetics"" OR ""bayer"" OR ""vertex pharmaceuticals"" OR ""regeneron"" OR ""novo nordisk"" OR ""biogen"" OR ""biogen idec"" OR ""daiichi sankyo"" OR ""astellas pharma"" OR ""asuterasu seiyaku kabushiki-gaisha"" OR ""otsuka"" OR ""otsuka seiyaku kabushiki-gaisha"" OR ""astex pharmaceuticals"" OR ""ucb"" OR ""union chimique belge"" OR ""moderna"" OR ""eisai"" OR ""ezai kabushiki-gaisha"" OR ""ea pharma"" OR ""csl"" OR ""zlb behring"" OR ""jiangsu hengrui medicine"" OR ""teva pharmaceuticals"" OR ""sumitomo dainippon pharma"" OR ""dainippon sumitomo seiyaku kabushiki-gaisha"" OR ""fresenius"" OR ""fresenius se & co. kgaa"" OR ""viatris"" OR ""kyowa kirin"" OR ""kyowa hakko kirin"" OR ""ipsen"" OR ""jazz pharmaceuticals"" OR ""azur pharma"" OR ""sino biopharm"" OR ""bausch health companies"" OR ""valeant pharmaceuticals"" OR ""cspc pharmaceutical group"" OR ""galapagos"" OR ""galapagos genomics"" NOT ""La Roche College"") OR author.affiliation.ror_id_lineage:(""01xdqrp08"" OR ""00by1q217"" OR ""04b2dty93"" OR ""02891sr49"" OR ""03qd7mz70"" OR ""00gtmwv55"" OR ""02f9zrr09"" OR ""04r9x1a08"" OR ""01qat3289"" OR ""01xsqw823"" OR ""02g5p4n58"" OR ""02n6c9837"" OR ""056546b03"" OR ""04hjbmv12"" OR ""00q32j219"" OR ""03g03ge92"" OR ""04hmn8g73"" OR ""00anb1726"" OR ""02f51rf24"" OR ""0435rc536"" OR ""02jqkb192"" OR ""027y26122"" OR ""01cjash87"" OR ""013k5y296"" OR ""01n029866"" OR ""01xm4wg91"" OR ""04vvh7p27"" OR ""044tc0x05"" OR ""04ayvvz32"" OR ""01wfv3m53"" OR ""04sapgw72"" OR ""01v376g59"" OR ""01g1gvr46"" OR ""000wej815"" OR ""00d801g55"" OR ""055mhsv54"" OR ""0086q4c12"" OR ""01zgpn844"" OR ""016mq8947"" OR ""04e4j5d46"")) AND publication_type:""journal article"" AND date_published>=now-24M AND date_published<=now-12M AND field_of_study: ((""Medicine"" OR ""Internal medicine"" OR ""Pharmacology"") AND (""Endocrinology"" OR ""Diabetes mellitus"" OR ""Type 2 diabetes"" OR ""Insulin"" OR ""Type 2 Diabetes Mellitus"" OR ""Hypoglycemia"" OR ""Type 1 diabetes"" OR ""Insulin resistance"" OR ""Dyslipidemia"" OR ""Diabetic retinopathy"" OR ""Diabetic nephropathy"" OR ""Endocrine system""))",AND date_published>=now-24M AND date_published<=now-12M,"AND field_of_study: ((""Medicine"" OR ""Internal medicine"" OR ""Pharmacology"") AND (""Endocrinology"" OR ""Diabetes mellitus"" OR ""Type 2 diabetes"" OR ""Insulin"" OR ""Type 2 Diabetes Mellitus"" OR ""Hypoglycemia"" OR ""Type 1 diabetes"" OR ""Insulin resistance"" OR ""Dyslipidemia"" OR ""Diabetic retinopathy"" OR ""Diabetic nephropathy"" OR ""Endocrine system""))",NA,Pharma,Endocrinology,277,1057,1334
cardiovascular (primary search + cardiovascular tags) (12 - 24 months) - pharma,"(author.affiliation.name:(""pfizer"" OR ""astrazeneca"" OR ""eli lilly"" OR ""merck"" OR ""emd serono"" OR ""msd"" OR ""merck sharp & dohme"" OR ""bristol myers squibb"" OR ""novartis"" OR ""roche"" OR ""hoffmann-la roche"" OR ""genentech"" OR ""johnson & johnson"" OR ""janssen"" OR ""biosense webster"" OR ""glaxosmithkline"" OR ""gsk"" OR ""abbvie"" OR ""sanofi"" OR ""sanofi-aventis"" OR ""gilead sciences"" OR ""takeda"" OR ""boehringer ingelheim"" OR ""myokardia"" OR ""amgen"" OR ""applied molecular genetics"" OR ""bayer"" OR ""vertex pharmaceuticals"" OR ""regeneron"" OR ""novo nordisk"" OR ""biogen"" OR ""biogen idec"" OR ""daiichi sankyo"" OR ""astellas pharma"" OR ""asuterasu seiyaku kabushiki-gaisha"" OR ""otsuka"" OR ""otsuka seiyaku kabushiki-gaisha"" OR ""astex pharmaceuticals"" OR ""ucb"" OR ""union chimique belge"" OR ""moderna"" OR ""eisai"" OR ""ezai kabushiki-gaisha"" OR ""ea pharma"" OR ""csl"" OR ""zlb behring"" OR ""jiangsu hengrui medicine"" OR ""teva pharmaceuticals"" OR ""sumitomo dainippon pharma"" OR ""dainippon sumitomo seiyaku kabushiki-gaisha"" OR ""fresenius"" OR ""fresenius se & co. kgaa"" OR ""viatris"" OR ""kyowa kirin"" OR ""kyowa hakko kirin"" OR ""ipsen"" OR ""jazz pharmaceuticals"" OR ""azur pharma"" OR ""sino biopharm"" OR ""bausch health companies"" OR ""valeant pharmaceuticals"" OR ""cspc pharmaceutical group"" OR ""galapagos"" OR ""galapagos genomics"" NOT ""La Roche College"") OR author.affiliation.ror_id_lineage:(""01xdqrp08"" OR ""00by1q217"" OR ""04b2dty93"" OR ""02891sr49"" OR ""03qd7mz70"" OR ""00gtmwv55"" OR ""02f9zrr09"" OR ""04r9x1a08"" OR ""01qat3289"" OR ""01xsqw823"" OR ""02g5p4n58"" OR ""02n6c9837"" OR ""056546b03"" OR ""04hjbmv12"" OR ""00q32j219"" OR ""03g03ge92"" OR ""04hmn8g73"" OR ""00anb1726"" OR ""02f51rf24"" OR ""0435rc536"" OR ""02jqkb192"" OR ""027y26122"" OR ""01cjash87"" OR ""013k5y296"" OR ""01n029866"" OR ""01xm4wg91"" OR ""04vvh7p27"" OR ""044tc0x05"" OR ""04ayvvz32"" OR ""01wfv3m53"" OR ""04sapgw72"" OR ""01v376g59"" OR ""01g1gvr46"" OR ""000wej815"" OR ""00d801g55"" OR ""055mhsv54"" OR ""0086q4c12"" OR ""01zgpn844"" OR ""016mq8947"" OR ""04e4j5d46"")) AND publication_type:""journal article"" AND date_published>=now-24M AND date_published<=now-12M AND field_of_study: ((""Medicine"" OR ""Internal medicine"" OR ""Pharmacology"") AND (""Cardiology"" OR ""Heart failure"" OR ""Atrial fibrillation"" OR ""Myocardial infarction"" OR ""Stroke"" OR ""Blood pressure"" OR ""Acute coronary syndrome"" OR ""Coronary artery disease"" OR ""Thrombosis"" OR ""QT interval"" OR ""Heart rate"" OR ""Heart failure with preserved ejection fraction"" OR ""Cardiomyopathy""))",AND date_published>=now-24M AND date_published<=now-12M,"AND field_of_study: ((""Medicine"" OR ""Internal medicine"" OR ""Pharmacology"") AND (""Cardiology"" OR ""Heart failure"" OR ""Atrial fibrillation"" OR ""Myocardial infarction"" OR ""Stroke"" OR ""Blood pressure"" OR ""Acute coronary syndrome"" OR ""Coronary artery disease"" OR ""Thrombosis"" OR ""QT interval"" OR ""Heart rate"" OR ""Heart failure with preserved ejection fraction"" OR ""Cardiomyopathy""))",NA,Pharma,Cardiovascular,183,734,917
gastroenterology  (primary search + gastroenterology tags) (12 - 24 months) - pharma,"(author.affiliation.name:(""pfizer"" OR ""astrazeneca"" OR ""eli lilly"" OR ""merck"" OR ""emd serono"" OR ""msd"" OR ""merck sharp & dohme"" OR ""bristol myers squibb"" OR ""novartis"" OR ""roche"" OR ""hoffmann-la roche"" OR ""genentech"" OR ""johnson & johnson"" OR ""janssen"" OR ""biosense webster"" OR ""glaxosmithkline"" OR ""gsk"" OR ""abbvie"" OR ""sanofi"" OR ""sanofi-aventis"" OR ""gilead sciences"" OR ""takeda"" OR ""boehringer ingelheim"" OR ""myokardia"" OR ""amgen"" OR ""applied molecular genetics"" OR ""bayer"" OR ""vertex pharmaceuticals"" OR ""regeneron"" OR ""novo nordisk"" OR ""biogen"" OR ""biogen idec"" OR ""daiichi sankyo"" OR ""astellas pharma"" OR ""asuterasu seiyaku kabushiki-gaisha"" OR ""otsuka"" OR ""otsuka seiyaku kabushiki-gaisha"" OR ""astex pharmaceuticals"" OR ""ucb"" OR ""union chimique belge"" OR ""moderna"" OR ""eisai"" OR ""ezai kabushiki-gaisha"" OR ""ea pharma"" OR ""csl"" OR ""zlb behring"" OR ""jiangsu hengrui medicine"" OR ""teva pharmaceuticals"" OR ""sumitomo dainippon pharma"" OR ""dainippon sumitomo seiyaku kabushiki-gaisha"" OR ""fresenius"" OR ""fresenius se & co. kgaa"" OR ""viatris"" OR ""kyowa kirin"" OR ""kyowa hakko kirin"" OR ""ipsen"" OR ""jazz pharmaceuticals"" OR ""azur pharma"" OR ""sino biopharm"" OR ""bausch health companies"" OR ""valeant pharmaceuticals"" OR ""cspc pharmaceutical group"" OR ""galapagos"" OR ""galapagos genomics"" NOT ""La Roche College"") OR author.affiliation.ror_id_lineage:(""01xdqrp08"" OR ""00by1q217"" OR ""04b2dty93"" OR ""02891sr49"" OR ""03qd7mz70"" OR ""00gtmwv55"" OR ""02f9zrr09"" OR ""04r9x1a08"" OR ""01qat3289"" OR ""01xsqw823"" OR ""02g5p4n58"" OR ""02n6c9837"" OR ""056546b03"" OR ""04hjbmv12"" OR ""00q32j219"" OR ""03g03ge92"" OR ""04hmn8g73"" OR ""00anb1726"" OR ""02f51rf24"" OR ""0435rc536"" OR ""02jqkb192"" OR ""027y26122"" OR ""01cjash87"" OR ""013k5y296"" OR ""01n029866"" OR ""01xm4wg91"" OR ""04vvh7p27"" OR ""044tc0x05"" OR ""04ayvvz32"" OR ""01wfv3m53"" OR ""04sapgw72"" OR ""01v376g59"" OR ""01g1gvr46"" OR ""000wej815"" OR ""00d801g55"" OR ""055mhsv54"" OR ""0086q4c12"" OR ""01zgpn844"" OR ""016mq8947"" OR ""04e4j5d46"")) AND publication_type:""journal article"" AND date_published>=now-24M AND date_published<=now-12M AND field_of_study: ((""Medicine"" OR ""Internal medicine"" OR ""Pharmacology"") AND (""Gastroenterology"" OR ""Ulcerative colitis"" OR ""Inflammatory bowel disease"" OR ""Crohn's disease""))",AND date_published>=now-24M AND date_published<=now-12M,"AND field_of_study: ((""Medicine"" OR ""Internal medicine"" OR ""Pharmacology"") AND (""Gastroenterology"" OR ""Ulcerative colitis"" OR ""Inflammatory bowel disease"" OR ""Crohn's disease""))",NA,Pharma,Gastroenterology,389,1116,1505
microbiology (inc infections)  (primary search + microbiology tags) (12 - 24 months) - pharma,"(author.affiliation.name:(""pfizer"" OR ""astrazeneca"" OR ""eli lilly"" OR ""merck"" OR ""emd serono"" OR ""msd"" OR ""merck sharp & dohme"" OR ""bristol myers squibb"" OR ""novartis"" OR ""roche"" OR ""hoffmann-la roche"" OR ""genentech"" OR ""johnson & johnson"" OR ""janssen"" OR ""biosense webster"" OR ""glaxosmithkline"" OR ""gsk"" OR ""abbvie"" OR ""sanofi"" OR ""sanofi-aventis"" OR ""gilead sciences"" OR ""takeda"" OR ""boehringer ingelheim"" OR ""myokardia"" OR ""amgen"" OR ""applied molecular genetics"" OR ""bayer"" OR ""vertex pharmaceuticals"" OR ""regeneron"" OR ""novo nordisk"" OR ""biogen"" OR ""biogen idec"" OR ""daiichi sankyo"" OR ""astellas pharma"" OR ""asuterasu seiyaku kabushiki-gaisha"" OR ""otsuka"" OR ""otsuka seiyaku kabushiki-gaisha"" OR ""astex pharmaceuticals"" OR ""ucb"" OR ""union chimique belge"" OR ""moderna"" OR ""eisai"" OR ""ezai kabushiki-gaisha"" OR ""ea pharma"" OR ""csl"" OR ""zlb behring"" OR ""jiangsu hengrui medicine"" OR ""teva pharmaceuticals"" OR ""sumitomo dainippon pharma"" OR ""dainippon sumitomo seiyaku kabushiki-gaisha"" OR ""fresenius"" OR ""fresenius se & co. kgaa"" OR ""viatris"" OR ""kyowa kirin"" OR ""kyowa hakko kirin"" OR ""ipsen"" OR ""jazz pharmaceuticals"" OR ""azur pharma"" OR ""sino biopharm"" OR ""bausch health companies"" OR ""valeant pharmaceuticals"" OR ""cspc pharmaceutical group"" OR ""galapagos"" OR ""galapagos genomics"" NOT ""La Roche College"") OR author.affiliation.ror_id_lineage:(""01xdqrp08"" OR ""00by1q217"" OR ""04b2dty93"" OR ""02891sr49"" OR ""03qd7mz70"" OR ""00gtmwv55"" OR ""02f9zrr09"" OR ""04r9x1a08"" OR ""01qat3289"" OR ""01xsqw823"" OR ""02g5p4n58"" OR ""02n6c9837"" OR ""056546b03"" OR ""04hjbmv12"" OR ""00q32j219"" OR ""03g03ge92"" OR ""04hmn8g73"" OR ""00anb1726"" OR ""02f51rf24"" OR ""0435rc536"" OR ""02jqkb192"" OR ""027y26122"" OR ""01cjash87"" OR ""013k5y296"" OR ""01n029866"" OR ""01xm4wg91"" OR ""04vvh7p27"" OR ""044tc0x05"" OR ""04ayvvz32"" OR ""01wfv3m53"" OR ""04sapgw72"" OR ""01v376g59"" OR ""01g1gvr46"" OR ""000wej815"" OR ""00d801g55"" OR ""055mhsv54"" OR ""0086q4c12"" OR ""01zgpn844"" OR ""016mq8947"" OR ""04e4j5d46"")) AND publication_type:""journal article"" AND date_published>=now-24M AND date_published<=now-12M AND field_of_study: ((""Medicine"" OR ""Internal medicine"" OR ""Pharmacology"") AND (""Virology"" OR ""Virus"" OR ""Microbiology"" OR ""Infectious disease (medical specialty)"" OR ""Viral load"" OR ""Pneumonia"" OR ""Human immunodeficiency virus (HIV)"" OR ""Hepatitis C virus"" OR ""Hepatitis C"" OR ""Immunization"" OR ""Bacteria"" OR ""Tuberculosis"" OR ""Antibiotic resistance"" OR ""Hepatitis B virus""))",AND date_published>=now-24M AND date_published<=now-12M,"AND field_of_study: ((""Medicine"" OR ""Internal medicine"" OR ""Pharmacology"") AND (""Virology"" OR ""Virus"" OR ""Microbiology"" OR ""Infectious disease (medical specialty)"" OR ""Viral load"" OR ""Pneumonia"" OR ""Human immunodeficiency virus (HIV)"" OR ""Hepatitis C virus"" OR ""Hepatitis C"" OR ""Immunization"" OR ""Bacteria"" OR ""Tuberculosis"" OR ""Antibiotic resistance"" OR ""Hepatitis B virus""))",NA,Pharma,Microbiology,165,1173,1338
psychiatry (primary search + psychiatry tags) (12 - 24 months) - pharma,"(author.affiliation.name:(""pfizer"" OR ""astrazeneca"" OR ""eli lilly"" OR ""merck"" OR ""emd serono"" OR ""msd"" OR ""merck sharp & dohme"" OR ""bristol myers squibb"" OR ""novartis"" OR ""roche"" OR ""hoffmann-la roche"" OR ""genentech"" OR ""johnson & johnson"" OR ""janssen"" OR ""biosense webster"" OR ""glaxosmithkline"" OR ""gsk"" OR ""abbvie"" OR ""sanofi"" OR ""sanofi-aventis"" OR ""gilead sciences"" OR ""takeda"" OR ""boehringer ingelheim"" OR ""myokardia"" OR ""amgen"" OR ""applied molecular genetics"" OR ""bayer"" OR ""vertex pharmaceuticals"" OR ""regeneron"" OR ""novo nordisk"" OR ""biogen"" OR ""biogen idec"" OR ""daiichi sankyo"" OR ""astellas pharma"" OR ""asuterasu seiyaku kabushiki-gaisha"" OR ""otsuka"" OR ""otsuka seiyaku kabushiki-gaisha"" OR ""astex pharmaceuticals"" OR ""ucb"" OR ""union chimique belge"" OR ""moderna"" OR ""eisai"" OR ""ezai kabushiki-gaisha"" OR ""ea pharma"" OR ""csl"" OR ""zlb behring"" OR ""jiangsu hengrui medicine"" OR ""teva pharmaceuticals"" OR ""sumitomo dainippon pharma"" OR ""dainippon sumitomo seiyaku kabushiki-gaisha"" OR ""fresenius"" OR ""fresenius se & co. kgaa"" OR ""viatris"" OR ""kyowa kirin"" OR ""kyowa hakko kirin"" OR ""ipsen"" OR ""jazz pharmaceuticals"" OR ""azur pharma"" OR ""sino biopharm"" OR ""bausch health companies"" OR ""valeant pharmaceuticals"" OR ""cspc pharmaceutical group"" OR ""galapagos"" OR ""galapagos genomics"" NOT ""La Roche College"") OR author.affiliation.ror_id_lineage:(""01xdqrp08"" OR ""00by1q217"" OR ""04b2dty93"" OR ""02891sr49"" OR ""03qd7mz70"" OR ""00gtmwv55"" OR ""02f9zrr09"" OR ""04r9x1a08"" OR ""01qat3289"" OR ""01xsqw823"" OR ""02g5p4n58"" OR ""02n6c9837"" OR ""056546b03"" OR ""04hjbmv12"" OR ""00q32j219"" OR ""03g03ge92"" OR ""04hmn8g73"" OR ""00anb1726"" OR ""02f51rf24"" OR ""0435rc536"" OR ""02jqkb192"" OR ""027y26122"" OR ""01cjash87"" OR ""013k5y296"" OR ""01n029866"" OR ""01xm4wg91"" OR ""04vvh7p27"" OR ""044tc0x05"" OR ""04ayvvz32"" OR ""01wfv3m53"" OR ""04sapgw72"" OR ""01v376g59"" OR ""01g1gvr46"" OR ""000wej815"" OR ""00d801g55"" OR ""055mhsv54"" OR ""0086q4c12"" OR ""01zgpn844"" OR ""016mq8947"" OR ""04e4j5d46"")) AND publication_type:""journal article"" AND date_published>=now-24M AND date_published<=now-12M AND field_of_study: ((""Medicine"" OR ""Internal medicine"" OR ""Pharmacology"") AND (""Psychiatry"" OR ""Psychology"" OR ""Psychological intervention"" OR ""Dementia"" OR ""Clinical psychology"" OR ""Anxiety"" OR ""Major depressive disorder"" OR ""Schizophrenia"" OR ""Alzheimer's disease""))",AND date_published>=now-24M AND date_published<=now-12M,"AND field_of_study: ((""Medicine"" OR ""Internal medicine"" OR ""Pharmacology"") AND (""Psychiatry"" OR ""Psychology"" OR ""Psychological intervention"" OR ""Dementia"" OR ""Clinical psychology"" OR ""Anxiety"" OR ""Major depressive disorder"" OR ""Schizophrenia"" OR ""Alzheimer's disease""))",NA,Pharma,Psychiatry,252,1150,1402
respiratory (primary search + respiratory tags) (12 - 24 months) - pharma,"(author.affiliation.name:(""pfizer"" OR ""astrazeneca"" OR ""eli lilly"" OR ""merck"" OR ""emd serono"" OR ""msd"" OR ""merck sharp & dohme"" OR ""bristol myers squibb"" OR ""novartis"" OR ""roche"" OR ""hoffmann-la roche"" OR ""genentech"" OR ""johnson & johnson"" OR ""janssen"" OR ""biosense webster"" OR ""glaxosmithkline"" OR ""gsk"" OR ""abbvie"" OR ""sanofi"" OR ""sanofi-aventis"" OR ""gilead sciences"" OR ""takeda"" OR ""boehringer ingelheim"" OR ""myokardia"" OR ""amgen"" OR ""applied molecular genetics"" OR ""bayer"" OR ""vertex pharmaceuticals"" OR ""regeneron"" OR ""novo nordisk"" OR ""biogen"" OR ""biogen idec"" OR ""daiichi sankyo"" OR ""astellas pharma"" OR ""asuterasu seiyaku kabushiki-gaisha"" OR ""otsuka"" OR ""otsuka seiyaku kabushiki-gaisha"" OR ""astex pharmaceuticals"" OR ""ucb"" OR ""union chimique belge"" OR ""moderna"" OR ""eisai"" OR ""ezai kabushiki-gaisha"" OR ""ea pharma"" OR ""csl"" OR ""zlb behring"" OR ""jiangsu hengrui medicine"" OR ""teva pharmaceuticals"" OR ""sumitomo dainippon pharma"" OR ""dainippon sumitomo seiyaku kabushiki-gaisha"" OR ""fresenius"" OR ""fresenius se & co. kgaa"" OR ""viatris"" OR ""kyowa kirin"" OR ""kyowa hakko kirin"" OR ""ipsen"" OR ""jazz pharmaceuticals"" OR ""azur pharma"" OR ""sino biopharm"" OR ""bausch health companies"" OR ""valeant pharmaceuticals"" OR ""cspc pharmaceutical group"" OR ""galapagos"" OR ""galapagos genomics"" NOT ""La Roche College"") OR author.affiliation.ror_id_lineage:(""01xdqrp08"" OR ""00by1q217"" OR ""04b2dty93"" OR ""02891sr49"" OR ""03qd7mz70"" OR ""00gtmwv55"" OR ""02f9zrr09"" OR ""04r9x1a08"" OR ""01qat3289"" OR ""01xsqw823"" OR ""02g5p4n58"" OR ""02n6c9837"" OR ""056546b03"" OR ""04hjbmv12"" OR ""00q32j219"" OR ""03g03ge92"" OR ""04hmn8g73"" OR ""00anb1726"" OR ""02f51rf24"" OR ""0435rc536"" OR ""02jqkb192"" OR ""027y26122"" OR ""01cjash87"" OR ""013k5y296"" OR ""01n029866"" OR ""01xm4wg91"" OR ""04vvh7p27"" OR ""044tc0x05"" OR ""04ayvvz32"" OR ""01wfv3m53"" OR ""04sapgw72"" OR ""01v376g59"" OR ""01g1gvr46"" OR ""000wej815"" OR ""00d801g55"" OR ""055mhsv54"" OR ""0086q4c12"" OR ""01zgpn844"" OR ""016mq8947"" OR ""04e4j5d46"")) AND publication_type:""journal article"" AND date_published>=now-24M AND date_published<=now-12M AND field_of_study: ((""Medicine"" OR ""Internal medicine"" OR ""Pharmacology"") AND (""COPD"" OR ""Asthma"" OR ""Lung"" OR ""Idiopathic pulmonary fibrosis"" OR ""Respiratory system"" OR ""Spirometry"" OR ""Pulmonary disease"" OR ""Respiratory tract infections""))",AND date_published>=now-24M AND date_published<=now-12M,"AND field_of_study: ((""Medicine"" OR ""Internal medicine"" OR ""Pharmacology"") AND (""COPD"" OR ""Asthma"" OR ""Lung"" OR ""Idiopathic pulmonary fibrosis"" OR ""Respiratory system"" OR ""Spirometry"" OR ""Pulmonary disease"" OR ""Respiratory tract infections""))",NA,Pharma,Respiratory,103,542,645
genitourinary disorders (including nephrology)  (primary search + genitourinary tags) (12 - 24 months) - pharma,"(author.affiliation.name:(""pfizer"" OR ""astrazeneca"" OR ""eli lilly"" OR ""merck"" OR ""emd serono"" OR ""msd"" OR ""merck sharp & dohme"" OR ""bristol myers squibb"" OR ""novartis"" OR ""roche"" OR ""hoffmann-la roche"" OR ""genentech"" OR ""johnson & johnson"" OR ""janssen"" OR ""biosense webster"" OR ""glaxosmithkline"" OR ""gsk"" OR ""abbvie"" OR ""sanofi"" OR ""sanofi-aventis"" OR ""gilead sciences"" OR ""takeda"" OR ""boehringer ingelheim"" OR ""myokardia"" OR ""amgen"" OR ""applied molecular genetics"" OR ""bayer"" OR ""vertex pharmaceuticals"" OR ""regeneron"" OR ""novo nordisk"" OR ""biogen"" OR ""biogen idec"" OR ""daiichi sankyo"" OR ""astellas pharma"" OR ""asuterasu seiyaku kabushiki-gaisha"" OR ""otsuka"" OR ""otsuka seiyaku kabushiki-gaisha"" OR ""astex pharmaceuticals"" OR ""ucb"" OR ""union chimique belge"" OR ""moderna"" OR ""eisai"" OR ""ezai kabushiki-gaisha"" OR ""ea pharma"" OR ""csl"" OR ""zlb behring"" OR ""jiangsu hengrui medicine"" OR ""teva pharmaceuticals"" OR ""sumitomo dainippon pharma"" OR ""dainippon sumitomo seiyaku kabushiki-gaisha"" OR ""fresenius"" OR ""fresenius se & co. kgaa"" OR ""viatris"" OR ""kyowa kirin"" OR ""kyowa hakko kirin"" OR ""ipsen"" OR ""jazz pharmaceuticals"" OR ""azur pharma"" OR ""sino biopharm"" OR ""bausch health companies"" OR ""valeant pharmaceuticals"" OR ""cspc pharmaceutical group"" OR ""galapagos"" OR ""galapagos genomics"" NOT ""La Roche College"") OR author.affiliation.ror_id_lineage:(""01xdqrp08"" OR ""00by1q217"" OR ""04b2dty93"" OR ""02891sr49"" OR ""03qd7mz70"" OR ""00gtmwv55"" OR ""02f9zrr09"" OR ""04r9x1a08"" OR ""01qat3289"" OR ""01xsqw823"" OR ""02g5p4n58"" OR ""02n6c9837"" OR ""056546b03"" OR ""04hjbmv12"" OR ""00q32j219"" OR ""03g03ge92"" OR ""04hmn8g73"" OR ""00anb1726"" OR ""02f51rf24"" OR ""0435rc536"" OR ""02jqkb192"" OR ""027y26122"" OR ""01cjash87"" OR ""013k5y296"" OR ""01n029866"" OR ""01xm4wg91"" OR ""04vvh7p27"" OR ""044tc0x05"" OR ""04ayvvz32"" OR ""01wfv3m53"" OR ""04sapgw72"" OR ""01v376g59"" OR ""01g1gvr46"" OR ""000wej815"" OR ""00d801g55"" OR ""055mhsv54"" OR ""0086q4c12"" OR ""01zgpn844"" OR ""016mq8947"" OR ""04e4j5d46"")) AND publication_type:""journal article"" AND date_published>=now-24M AND date_published<=now-12M AND field_of_study: ((""Medicine"" OR ""Internal medicine"" OR ""Pharmacology"") AND (""Urology"" OR ""Renal function"" OR ""Kidney disease"" OR ""Kidney"" OR ""Urinary system"" OR ""Urine"" OR ""End stage renal disease"" OR ""Acute kidney injury""))",AND date_published>=now-24M AND date_published<=now-12M,"AND field_of_study: ((""Medicine"" OR ""Internal medicine"" OR ""Pharmacology"") AND (""Urology"" OR ""Renal function"" OR ""Kidney disease"" OR ""Kidney"" OR ""Urinary system"" OR ""Urine"" OR ""End stage renal disease"" OR ""Acute kidney injury""))",NA,Pharma,Genitourinary disorders,190,480,670
primary search (medicine or internal medicine or pharmacology) (12 - 24 months) - uni,"(author.affiliation.name:(""university of cape town"" OR ""south african college"" OR ""shanghai jiao tong university"" OR ""shanghai communications university"" OR ""fudan university"" OR ""sun yat-sen university"" OR ""zhejiang university"" OR ""chekiang university"" OR ""peking university"" OR ""imperial university of peking"" OR ""capital medical university"" OR ""cmu"" OR ""seoul national university"" OR ""seoul daehakgyo"" OR ""peking union medical college"" OR ""beijing xiehe hospital"" OR ""sichuan university"" OR ""sìchuān dàxué"" OR ""nanjing medical university"" OR ""national jiangsu medical college"" OR ""huazhong university of science and technology"" OR ""huázhōng kējì dàxué"" OR ""university college london"" OR ""london university"" OR ""karolinska institutet"" OR ""royal caroline institute"" OR ""university of oxford"" OR ""oxford university"" OR ""university of copenhagen"" OR ""universität kopenhagen"" OR ""université de paris"" OR ""university of paris"" OR ""king's college london"" OR ""kcl"" OR ""university of amsterdam"" OR ""universiteit van amsterdam"" OR ""imperial college london"" OR ""coleg imperial llundain"" OR ""utrecht university"" OR ""universiteit utrecht"" OR ""heidelberg university"" OR ""ruprecht-karls-universität heidelberg"" OR ""university of milan"" OR ""université de milan"" OR ""erasmus university rotterdam"" OR ""erasmus universiteit rotterdam"" OR ""freie universität berlin"" OR ""free university of berlin"" OR ""university of cambridge"" OR ""cambridge university"" OR ""humboldt-universität zu berlin"" OR ""humboldt university of berlin"" OR ""university of zurich"" OR ""universität zürich"" OR ""tel aviv university"" OR ""harvard university"" OR ""universidad de harvard"" OR ""johns hopkins university"" OR ""jhu"" OR ""university of toronto"" OR ""université de toronto"" OR ""university of pennsylvania"" Or ""upenn"" OR ""university of california, san francisco"" OR ""ucsf"" OR ""duke university"" OR ""Universidad de Duke"" OR ""university of michigan"" OR ""umich"" OR ""stanford university"" OR ""leland stanford junior university"" OR ""university of melbourne"" OR ""melbourne university"" OR ""university of sydney"" OR ""sydney university"" OR ""university of são paulo"" OR ""universidade de são paulo"") OR author.affiliation.ror_id_lineage:(""03p74gp79"" OR ""0220qvk04"" OR ""013q1eq08"" OR ""0064kty71"" OR ""00a2xv884"" OR ""02v51f717"" OR ""013xs5b60"" OR ""04h9pn542"" OR ""04jztag35"" OR ""011ashp19"" OR ""059gcgy73"" OR ""00p991c53"" OR ""02jx3x895"" OR ""056d84691"" OR ""052gg0110"" OR ""035b05819"" OR ""05f82e368"" OR ""0220mzb33"" OR ""04dkp9463"" OR ""041kmwe10"" OR ""04pp8hn57"" OR ""038t36y30"" OR ""00wjc7c48"" OR ""057w15z03"" OR ""046ak2485"" OR ""013meh722"" OR ""01hcx6992"" OR ""02crff812"" OR ""04mhzgx49"" OR ""03vek6s52"" OR ""00za53h95"" OR ""03dbr7087"" OR ""00b30xv10"" OR ""043mz5j54"" OR ""00py81415"" OR ""00jmfr291"" OR ""00f54p054"" OR ""01ej9dk98"" OR ""0384j8v12"" OR ""036rp1748"")) AND publication_type:""journal article"" AND date_published>=now-24M AND date_published<=now-12M AND field_of_study: (""Medicine"" OR ""Internal medicine"" OR ""Pharmacology"")",AND date_published>=now-24M AND date_published<=now-12M,"AND field_of_study: (""Medicine"" OR ""Internal medicine"" OR ""Pharmacology"")",NA,Uni,NA,56318,129338,185656
oncology (primary search + oncology tags) (12 - 24 months) - uni,"(author.affiliation.name:(""university of cape town"" OR ""south african college"" OR ""shanghai jiao tong university"" OR ""shanghai communications university"" OR ""fudan university"" OR ""sun yat-sen university"" OR ""zhejiang university"" OR ""chekiang university"" OR ""peking university"" OR ""imperial university of peking"" OR ""capital medical university"" OR ""cmu"" OR ""seoul national university"" OR ""seoul daehakgyo"" OR ""peking union medical college"" OR ""beijing xiehe hospital"" OR ""sichuan university"" OR ""sìchuān dàxué"" OR ""nanjing medical university"" OR ""national jiangsu medical college"" OR ""huazhong university of science and technology"" OR ""huázhōng kējì dàxué"" OR ""university college london"" OR ""london university"" OR ""karolinska institutet"" OR ""royal caroline institute"" OR ""university of oxford"" OR ""oxford university"" OR ""university of copenhagen"" OR ""universität kopenhagen"" OR ""université de paris"" OR ""university of paris"" OR ""king's college london"" OR ""kcl"" OR ""university of amsterdam"" OR ""universiteit van amsterdam"" OR ""imperial college london"" OR ""coleg imperial llundain"" OR ""utrecht university"" OR ""universiteit utrecht"" OR ""heidelberg university"" OR ""ruprecht-karls-universität heidelberg"" OR ""university of milan"" OR ""université de milan"" OR ""erasmus university rotterdam"" OR ""erasmus universiteit rotterdam"" OR ""freie universität berlin"" OR ""free university of berlin"" OR ""university of cambridge"" OR ""cambridge university"" OR ""humboldt-universität zu berlin"" OR ""humboldt university of berlin"" OR ""university of zurich"" OR ""universität zürich"" OR ""tel aviv university"" OR ""harvard university"" OR ""universidad de harvard"" OR ""johns hopkins university"" OR ""jhu"" OR ""university of toronto"" OR ""université de toronto"" OR ""university of pennsylvania"" Or ""upenn"" OR ""university of california, san francisco"" OR ""ucsf"" OR ""duke university"" OR ""Universidad de Duke"" OR ""university of michigan"" OR ""umich"" OR ""stanford university"" OR ""leland stanford junior university"" OR ""university of melbourne"" OR ""melbourne university"" OR ""university of sydney"" OR ""sydney university"" OR ""university of são paulo"" OR ""universidade de são paulo"") OR author.affiliation.ror_id_lineage:(""03p74gp79"" OR ""0220qvk04"" OR ""013q1eq08"" OR ""0064kty71"" OR ""00a2xv884"" OR ""02v51f717"" OR ""013xs5b60"" OR ""04h9pn542"" OR ""04jztag35"" OR ""011ashp19"" OR ""059gcgy73"" OR ""00p991c53"" OR ""02jx3x895"" OR ""056d84691"" OR ""052gg0110"" OR ""035b05819"" OR ""05f82e368"" OR ""0220mzb33"" OR ""04dkp9463"" OR ""041kmwe10"" OR ""04pp8hn57"" OR ""038t36y30"" OR ""00wjc7c48"" OR ""057w15z03"" OR ""046ak2485"" OR ""013meh722"" OR ""01hcx6992"" OR ""02crff812"" OR ""04mhzgx49"" OR ""03vek6s52"" OR ""00za53h95"" OR ""03dbr7087"" OR ""00b30xv10"" OR ""043mz5j54"" OR ""00py81415"" OR ""00jmfr291"" OR ""00f54p054"" OR ""01ej9dk98"" OR ""0384j8v12"" OR ""036rp1748"")) AND publication_type:""journal article"" AND date_published>=now-24M AND date_published<=now-12M AND field_of_study: ((""Medicine"" OR ""Internal medicine"" OR ""Pharmacology"") AND (""Oncology"" OR ""Cancer"" OR ""Cancer research"" OR ""Chemotherapy"" OR ""Breast cancer"" OR ""Lung cancer"" OR ""Prostate cancer"" OR ""Pembrolizumab"" OR ""Multiple myeloma"" OR ""Colorectal cancer"" OR ""Neutropenia"" OR ""Metastatic breast cancer"" OR ""Lymphoma"" OR ""Myeloid leukemia"" OR ""Melanoma"" OR ""Renal cell carcinoma"" OR ""Leukemia"" OR ""Chronic lymphocytic leukemia"" OR ""Hepatocellular carcinoma"" OR ""Febrile neutropenia"" OR ""Carcinoma"" OR ""Ovarian cancer"" OR ""Response Evaluation Criteria in Solid Tumors"" OR ""Adenocarcinoma"" OR ""Follicular lymphoma"" OR ""Diffuse large B-cell lymphoma"" OR ""Cancer cell"" OR ""non-small cell lung cancer (NSCLC)"" OR ""Triple-negative breast cancer"" OR ""Pancreatic cancer"" OR ""Cancer immunotherapy"" OR ""Bladder cancer"" OR ""Cervical cancer"" OR ""Head and neck squamous-cell carcinoma"" OR ""Metastatic Urothelial Carcinoma"" OR ""Surgical oncology"" OR ""Head and neck cancer"" OR ""Carcinogenesis""))",AND date_published>=now-24M AND date_published<=now-12M,"AND field_of_study: ((""Medicine"" OR ""Internal medicine"" OR ""Pharmacology"") AND (""Oncology"" OR ""Cancer"" OR ""Cancer research"" OR ""Chemotherapy"" OR ""Breast cancer"" OR ""Lung cancer"" OR ""Prostate cancer"" OR ""Pembrolizumab"" OR ""Multiple myeloma"" OR ""Colorectal cancer"" OR ""Neutropenia"" OR ""Metastatic breast cancer"" OR ""Lymphoma"" OR ""Myeloid leukemia"" OR ""Melanoma"" OR ""Renal cell carcinoma"" OR ""Leukemia"" OR ""Chronic lymphocytic leukemia"" OR ""Hepatocellular carcinoma"" OR ""Febrile neutropenia"" OR ""Carcinoma"" OR ""Ovarian cancer"" OR ""Response Evaluation Criteria in Solid Tumors"" OR ""Adenocarcinoma"" OR ""Follicular lymphoma"" OR ""Diffuse large B-cell lymphoma"" OR ""Cancer cell"" OR ""non-small cell lung cancer (NSCLC)"" OR ""Triple-negative breast cancer"" OR ""Pancreatic cancer"" OR ""Cancer immunotherapy"" OR ""Bladder cancer"" OR ""Cervical cancer"" OR ""Head and neck squamous-cell carcinoma"" OR ""Metastatic Urothelial Carcinoma"" OR ""Surgical oncology"" OR ""Head and neck cancer"" OR ""Carcinogenesis""))",NA,Uni,Oncology,11349,24004,35353
pharmacology (primary search + pharmacology tags) (12 - 24 months) - uni,"(author.affiliation.name:(""university of cape town"" OR ""south african college"" OR ""shanghai jiao tong university"" OR ""shanghai communications university"" OR ""fudan university"" OR ""sun yat-sen university"" OR ""zhejiang university"" OR ""chekiang university"" OR ""peking university"" OR ""imperial university of peking"" OR ""capital medical university"" OR ""cmu"" OR ""seoul national university"" OR ""seoul daehakgyo"" OR ""peking union medical college"" OR ""beijing xiehe hospital"" OR ""sichuan university"" OR ""sìchuān dàxué"" OR ""nanjing medical university"" OR ""national jiangsu medical college"" OR ""huazhong university of science and technology"" OR ""huázhōng kējì dàxué"" OR ""university college london"" OR ""london university"" OR ""karolinska institutet"" OR ""royal caroline institute"" OR ""university of oxford"" OR ""oxford university"" OR ""university of copenhagen"" OR ""universität kopenhagen"" OR ""université de paris"" OR ""university of paris"" OR ""king's college london"" OR ""kcl"" OR ""university of amsterdam"" OR ""universiteit van amsterdam"" OR ""imperial college london"" OR ""coleg imperial llundain"" OR ""utrecht university"" OR ""universiteit utrecht"" OR ""heidelberg university"" OR ""ruprecht-karls-universität heidelberg"" OR ""university of milan"" OR ""université de milan"" OR ""erasmus university rotterdam"" OR ""erasmus universiteit rotterdam"" OR ""freie universität berlin"" OR ""free university of berlin"" OR ""university of cambridge"" OR ""cambridge university"" OR ""humboldt-universität zu berlin"" OR ""humboldt university of berlin"" OR ""university of zurich"" OR ""universität zürich"" OR ""tel aviv university"" OR ""harvard university"" OR ""universidad de harvard"" OR ""johns hopkins university"" OR ""jhu"" OR ""university of toronto"" OR ""université de toronto"" OR ""university of pennsylvania"" Or ""upenn"" OR ""university of california, san francisco"" OR ""ucsf"" OR ""duke university"" OR ""Universidad de Duke"" OR ""university of michigan"" OR ""umich"" OR ""stanford university"" OR ""leland stanford junior university"" OR ""university of melbourne"" OR ""melbourne university"" OR ""university of sydney"" OR ""sydney university"" OR ""university of são paulo"" OR ""universidade de são paulo"") OR author.affiliation.ror_id_lineage:(""03p74gp79"" OR ""0220qvk04"" OR ""013q1eq08"" OR ""0064kty71"" OR ""00a2xv884"" OR ""02v51f717"" OR ""013xs5b60"" OR ""04h9pn542"" OR ""04jztag35"" OR ""011ashp19"" OR ""059gcgy73"" OR ""00p991c53"" OR ""02jx3x895"" OR ""056d84691"" OR ""052gg0110"" OR ""035b05819"" OR ""05f82e368"" OR ""0220mzb33"" OR ""04dkp9463"" OR ""041kmwe10"" OR ""04pp8hn57"" OR ""038t36y30"" OR ""00wjc7c48"" OR ""057w15z03"" OR ""046ak2485"" OR ""013meh722"" OR ""01hcx6992"" OR ""02crff812"" OR ""04mhzgx49"" OR ""03vek6s52"" OR ""00za53h95"" OR ""03dbr7087"" OR ""00b30xv10"" OR ""043mz5j54"" OR ""00py81415"" OR ""00jmfr291"" OR ""00f54p054"" OR ""01ej9dk98"" OR ""0384j8v12"" OR ""036rp1748"")) AND publication_type:""journal article"" AND date_published>=now-24M AND date_published<=now-12M AND field_of_study: ((""Medicine"" OR ""Internal medicine"" OR ""Pharmacology"") AND (""Pharmacology"" OR ""Pharmacokinetics"" OR ""Chemistry"" OR ""Biochemistry"" OR ""Pharmacodynamics"" OR ""In vitro"" OR ""Pharmacotherapy"" OR ""Clinical pharmacology""))",AND date_published>=now-24M AND date_published<=now-12M,"AND field_of_study: ((""Medicine"" OR ""Internal medicine"" OR ""Pharmacology"") AND (""Pharmacology"" OR ""Pharmacokinetics"" OR ""Chemistry"" OR ""Biochemistry"" OR ""Pharmacodynamics"" OR ""In vitro"" OR ""Pharmacotherapy"" OR ""Clinical pharmacology""))",NA,Uni,Pharmacology,8936,19139,28075
immunology (primary search + immunology tags) (12 - 24 months) - uni,"(author.affiliation.name:(""university of cape town"" OR ""south african college"" OR ""shanghai jiao tong university"" OR ""shanghai communications university"" OR ""fudan university"" OR ""sun yat-sen university"" OR ""zhejiang university"" OR ""chekiang university"" OR ""peking university"" OR ""imperial university of peking"" OR ""capital medical university"" OR ""cmu"" OR ""seoul national university"" OR ""seoul daehakgyo"" OR ""peking union medical college"" OR ""beijing xiehe hospital"" OR ""sichuan university"" OR ""sìchuān dàxué"" OR ""nanjing medical university"" OR ""national jiangsu medical college"" OR ""huazhong university of science and technology"" OR ""huázhōng kējì dàxué"" OR ""university college london"" OR ""london university"" OR ""karolinska institutet"" OR ""royal caroline institute"" OR ""university of oxford"" OR ""oxford university"" OR ""university of copenhagen"" OR ""universität kopenhagen"" OR ""université de paris"" OR ""university of paris"" OR ""king's college london"" OR ""kcl"" OR ""university of amsterdam"" OR ""universiteit van amsterdam"" OR ""imperial college london"" OR ""coleg imperial llundain"" OR ""utrecht university"" OR ""universiteit utrecht"" OR ""heidelberg university"" OR ""ruprecht-karls-universität heidelberg"" OR ""university of milan"" OR ""université de milan"" OR ""erasmus university rotterdam"" OR ""erasmus universiteit rotterdam"" OR ""freie universität berlin"" OR ""free university of berlin"" OR ""university of cambridge"" OR ""cambridge university"" OR ""humboldt-universität zu berlin"" OR ""humboldt university of berlin"" OR ""university of zurich"" OR ""universität zürich"" OR ""tel aviv university"" OR ""harvard university"" OR ""universidad de harvard"" OR ""johns hopkins university"" OR ""jhu"" OR ""university of toronto"" OR ""université de toronto"" OR ""university of pennsylvania"" Or ""upenn"" OR ""university of california, san francisco"" OR ""ucsf"" OR ""duke university"" OR ""Universidad de Duke"" OR ""university of michigan"" OR ""umich"" OR ""stanford university"" OR ""leland stanford junior university"" OR ""university of melbourne"" OR ""melbourne university"" OR ""university of sydney"" OR ""sydney university"" OR ""university of são paulo"" OR ""universidade de são paulo"") OR author.affiliation.ror_id_lineage:(""03p74gp79"" OR ""0220qvk04"" OR ""013q1eq08"" OR ""0064kty71"" OR ""00a2xv884"" OR ""02v51f717"" OR ""013xs5b60"" OR ""04h9pn542"" OR ""04jztag35"" OR ""011ashp19"" OR ""059gcgy73"" OR ""00p991c53"" OR ""02jx3x895"" OR ""056d84691"" OR ""052gg0110"" OR ""035b05819"" OR ""05f82e368"" OR ""0220mzb33"" OR ""04dkp9463"" OR ""041kmwe10"" OR ""04pp8hn57"" OR ""038t36y30"" OR ""00wjc7c48"" OR ""057w15z03"" OR ""046ak2485"" OR ""013meh722"" OR ""01hcx6992"" OR ""02crff812"" OR ""04mhzgx49"" OR ""03vek6s52"" OR ""00za53h95"" OR ""03dbr7087"" OR ""00b30xv10"" OR ""043mz5j54"" OR ""00py81415"" OR ""00jmfr291"" OR ""00f54p054"" OR ""01ej9dk98"" OR ""0384j8v12"" OR ""036rp1748"")) AND publication_type:""journal article"" AND date_published>=now-24M AND date_published<=now-12M AND field_of_study: ((""Medicine"" OR ""Internal medicine"" OR ""Pharmacology"") AND (""Immunology"" OR ""Rheumatoid arthritis"" OR ""Immune system"" OR ""Inflammation"" OR ""Psoriatic arthritis"" OR ""Psoriasis"" OR ""Rheumatology"" OR ""Arthritis"" OR ""T cell"" OR ""Ankylosing spondylitis"" OR ""Cytotoxic T cell"" OR ""Proinflammatory cytokine"" OR ""Autoimmune disease""))",AND date_published>=now-24M AND date_published<=now-12M,"AND field_of_study: ((""Medicine"" OR ""Internal medicine"" OR ""Pharmacology"") AND (""Immunology"" OR ""Rheumatoid arthritis"" OR ""Immune system"" OR ""Inflammation"" OR ""Psoriatic arthritis"" OR ""Psoriasis"" OR ""Rheumatology"" OR ""Arthritis"" OR ""T cell"" OR ""Ankylosing spondylitis"" OR ""Cytotoxic T cell"" OR ""Proinflammatory cytokine"" OR ""Autoimmune disease""))",NA,Uni,Immunology,5014,17626,22640
endocrinology (primary search + endocrinology tags) (12 - 24 months) - uni,"(author.affiliation.name:(""university of cape town"" OR ""south african college"" OR ""shanghai jiao tong university"" OR ""shanghai communications university"" OR ""fudan university"" OR ""sun yat-sen university"" OR ""zhejiang university"" OR ""chekiang university"" OR ""peking university"" OR ""imperial university of peking"" OR ""capital medical university"" OR ""cmu"" OR ""seoul national university"" OR ""seoul daehakgyo"" OR ""peking union medical college"" OR ""beijing xiehe hospital"" OR ""sichuan university"" OR ""sìchuān dàxué"" OR ""nanjing medical university"" OR ""national jiangsu medical college"" OR ""huazhong university of science and technology"" OR ""huázhōng kējì dàxué"" OR ""university college london"" OR ""london university"" OR ""karolinska institutet"" OR ""royal caroline institute"" OR ""university of oxford"" OR ""oxford university"" OR ""university of copenhagen"" OR ""universität kopenhagen"" OR ""université de paris"" OR ""university of paris"" OR ""king's college london"" OR ""kcl"" OR ""university of amsterdam"" OR ""universiteit van amsterdam"" OR ""imperial college london"" OR ""coleg imperial llundain"" OR ""utrecht university"" OR ""universiteit utrecht"" OR ""heidelberg university"" OR ""ruprecht-karls-universität heidelberg"" OR ""university of milan"" OR ""université de milan"" OR ""erasmus university rotterdam"" OR ""erasmus universiteit rotterdam"" OR ""freie universität berlin"" OR ""free university of berlin"" OR ""university of cambridge"" OR ""cambridge university"" OR ""humboldt-universität zu berlin"" OR ""humboldt university of berlin"" OR ""university of zurich"" OR ""universität zürich"" OR ""tel aviv university"" OR ""harvard university"" OR ""universidad de harvard"" OR ""johns hopkins university"" OR ""jhu"" OR ""university of toronto"" OR ""université de toronto"" OR ""university of pennsylvania"" Or ""upenn"" OR ""university of california, san francisco"" OR ""ucsf"" OR ""duke university"" OR ""Universidad de Duke"" OR ""university of michigan"" OR ""umich"" OR ""stanford university"" OR ""leland stanford junior university"" OR ""university of melbourne"" OR ""melbourne university"" OR ""university of sydney"" OR ""sydney university"" OR ""university of são paulo"" OR ""universidade de são paulo"") OR author.affiliation.ror_id_lineage:(""03p74gp79"" OR ""0220qvk04"" OR ""013q1eq08"" OR ""0064kty71"" OR ""00a2xv884"" OR ""02v51f717"" OR ""013xs5b60"" OR ""04h9pn542"" OR ""04jztag35"" OR ""011ashp19"" OR ""059gcgy73"" OR ""00p991c53"" OR ""02jx3x895"" OR ""056d84691"" OR ""052gg0110"" OR ""035b05819"" OR ""05f82e368"" OR ""0220mzb33"" OR ""04dkp9463"" OR ""041kmwe10"" OR ""04pp8hn57"" OR ""038t36y30"" OR ""00wjc7c48"" OR ""057w15z03"" OR ""046ak2485"" OR ""013meh722"" OR ""01hcx6992"" OR ""02crff812"" OR ""04mhzgx49"" OR ""03vek6s52"" OR ""00za53h95"" OR ""03dbr7087"" OR ""00b30xv10"" OR ""043mz5j54"" OR ""00py81415"" OR ""00jmfr291"" OR ""00f54p054"" OR ""01ej9dk98"" OR ""0384j8v12"" OR ""036rp1748"")) AND publication_type:""journal article"" AND date_published>=now-24M AND date_published<=now-12M AND field_of_study: ((""Medicine"" OR ""Internal medicine"" OR ""Pharmacology"") AND (""Endocrinology"" OR ""Diabetes mellitus"" OR ""Type 2 diabetes"" OR ""Insulin"" OR ""Type 2 Diabetes Mellitus"" OR ""Hypoglycemia"" OR ""Type 1 diabetes"" OR ""Insulin resistance"" OR ""Dyslipidemia"" OR ""Diabetic retinopathy"" OR ""Diabetic nephropathy"" OR ""Endocrine system""))",AND date_published>=now-24M AND date_published<=now-12M,"AND field_of_study: ((""Medicine"" OR ""Internal medicine"" OR ""Pharmacology"") AND (""Endocrinology"" OR ""Diabetes mellitus"" OR ""Type 2 diabetes"" OR ""Insulin"" OR ""Type 2 Diabetes Mellitus"" OR ""Hypoglycemia"" OR ""Type 1 diabetes"" OR ""Insulin resistance"" OR ""Dyslipidemia"" OR ""Diabetic retinopathy"" OR ""Diabetic nephropathy"" OR ""Endocrine system""))",NA,Uni,Endocrinology,4374,11612,15986
cardiovascular (primary search + cardiovascular tags) (12 - 24 months) - uni,"(author.affiliation.name:(""university of cape town"" OR ""south african college"" OR ""shanghai jiao tong university"" OR ""shanghai communications university"" OR ""fudan university"" OR ""sun yat-sen university"" OR ""zhejiang university"" OR ""chekiang university"" OR ""peking university"" OR ""imperial university of peking"" OR ""capital medical university"" OR ""cmu"" OR ""seoul national university"" OR ""seoul daehakgyo"" OR ""peking union medical college"" OR ""beijing xiehe hospital"" OR ""sichuan university"" OR ""sìchuān dàxué"" OR ""nanjing medical university"" OR ""national jiangsu medical college"" OR ""huazhong university of science and technology"" OR ""huázhōng kējì dàxué"" OR ""university college london"" OR ""london university"" OR ""karolinska institutet"" OR ""royal caroline institute"" OR ""university of oxford"" OR ""oxford university"" OR ""university of copenhagen"" OR ""universität kopenhagen"" OR ""université de paris"" OR ""university of paris"" OR ""king's college london"" OR ""kcl"" OR ""university of amsterdam"" OR ""universiteit van amsterdam"" OR ""imperial college london"" OR ""coleg imperial llundain"" OR ""utrecht university"" OR ""universiteit utrecht"" OR ""heidelberg university"" OR ""ruprecht-karls-universität heidelberg"" OR ""university of milan"" OR ""université de milan"" OR ""erasmus university rotterdam"" OR ""erasmus universiteit rotterdam"" OR ""freie universität berlin"" OR ""free university of berlin"" OR ""university of cambridge"" OR ""cambridge university"" OR ""humboldt-universität zu berlin"" OR ""humboldt university of berlin"" OR ""university of zurich"" OR ""universität zürich"" OR ""tel aviv university"" OR ""harvard university"" OR ""universidad de harvard"" OR ""johns hopkins university"" OR ""jhu"" OR ""university of toronto"" OR ""université de toronto"" OR ""university of pennsylvania"" Or ""upenn"" OR ""university of california, san francisco"" OR ""ucsf"" OR ""duke university"" OR ""Universidad de Duke"" OR ""university of michigan"" OR ""umich"" OR ""stanford university"" OR ""leland stanford junior university"" OR ""university of melbourne"" OR ""melbourne university"" OR ""university of sydney"" OR ""sydney university"" OR ""university of são paulo"" OR ""universidade de são paulo"") OR author.affiliation.ror_id_lineage:(""03p74gp79"" OR ""0220qvk04"" OR ""013q1eq08"" OR ""0064kty71"" OR ""00a2xv884"" OR ""02v51f717"" OR ""013xs5b60"" OR ""04h9pn542"" OR ""04jztag35"" OR ""011ashp19"" OR ""059gcgy73"" OR ""00p991c53"" OR ""02jx3x895"" OR ""056d84691"" OR ""052gg0110"" OR ""035b05819"" OR ""05f82e368"" OR ""0220mzb33"" OR ""04dkp9463"" OR ""041kmwe10"" OR ""04pp8hn57"" OR ""038t36y30"" OR ""00wjc7c48"" OR ""057w15z03"" OR ""046ak2485"" OR ""013meh722"" OR ""01hcx6992"" OR ""02crff812"" OR ""04mhzgx49"" OR ""03vek6s52"" OR ""00za53h95"" OR ""03dbr7087"" OR ""00b30xv10"" OR ""043mz5j54"" OR ""00py81415"" OR ""00jmfr291"" OR ""00f54p054"" OR ""01ej9dk98"" OR ""0384j8v12"" OR ""036rp1748"")) AND publication_type:""journal article"" AND date_published>=now-24M AND date_published<=now-12M AND field_of_study: ((""Medicine"" OR ""Internal medicine"" OR ""Pharmacology"") AND (""Cardiology"" OR ""Heart failure"" OR ""Atrial fibrillation"" OR ""Myocardial infarction"" OR ""Stroke"" OR ""Blood pressure"" OR ""Acute coronary syndrome"" OR ""Coronary artery disease"" OR ""Thrombosis"" OR ""QT interval"" OR ""Heart rate"" OR ""Heart failure with preserved ejection fraction"" OR ""Cardiomyopathy""))",AND date_published>=now-24M AND date_published<=now-12M,"AND field_of_study: ((""Medicine"" OR ""Internal medicine"" OR ""Pharmacology"") AND (""Cardiology"" OR ""Heart failure"" OR ""Atrial fibrillation"" OR ""Myocardial infarction"" OR ""Stroke"" OR ""Blood pressure"" OR ""Acute coronary syndrome"" OR ""Coronary artery disease"" OR ""Thrombosis"" OR ""QT interval"" OR ""Heart rate"" OR ""Heart failure with preserved ejection fraction"" OR ""Cardiomyopathy""))",NA,Uni,Cardiovascular,4889,10990,15879
gastroenterology  (primary search + gastroenterology tags) (12 - 24 months) - uni,"(author.affiliation.name:(""university of cape town"" OR ""south african college"" OR ""shanghai jiao tong university"" OR ""shanghai communications university"" OR ""fudan university"" OR ""sun yat-sen university"" OR ""zhejiang university"" OR ""chekiang university"" OR ""peking university"" OR ""imperial university of peking"" OR ""capital medical university"" OR ""cmu"" OR ""seoul national university"" OR ""seoul daehakgyo"" OR ""peking union medical college"" OR ""beijing xiehe hospital"" OR ""sichuan university"" OR ""sìchuān dàxué"" OR ""nanjing medical university"" OR ""national jiangsu medical college"" OR ""huazhong university of science and technology"" OR ""huázhōng kējì dàxué"" OR ""university college london"" OR ""london university"" OR ""karolinska institutet"" OR ""royal caroline institute"" OR ""university of oxford"" OR ""oxford university"" OR ""university of copenhagen"" OR ""universität kopenhagen"" OR ""université de paris"" OR ""university of paris"" OR ""king's college london"" OR ""kcl"" OR ""university of amsterdam"" OR ""universiteit van amsterdam"" OR ""imperial college london"" OR ""coleg imperial llundain"" OR ""utrecht university"" OR ""universiteit utrecht"" OR ""heidelberg university"" OR ""ruprecht-karls-universität heidelberg"" OR ""university of milan"" OR ""université de milan"" OR ""erasmus university rotterdam"" OR ""erasmus universiteit rotterdam"" OR ""freie universität berlin"" OR ""free university of berlin"" OR ""university of cambridge"" OR ""cambridge university"" OR ""humboldt-universität zu berlin"" OR ""humboldt university of berlin"" OR ""university of zurich"" OR ""universität zürich"" OR ""tel aviv university"" OR ""harvard university"" OR ""universidad de harvard"" OR ""johns hopkins university"" OR ""jhu"" OR ""university of toronto"" OR ""université de toronto"" OR ""university of pennsylvania"" Or ""upenn"" OR ""university of california, san francisco"" OR ""ucsf"" OR ""duke university"" OR ""Universidad de Duke"" OR ""university of michigan"" OR ""umich"" OR ""stanford university"" OR ""leland stanford junior university"" OR ""university of melbourne"" OR ""melbourne university"" OR ""university of sydney"" OR ""sydney university"" OR ""university of são paulo"" OR ""universidade de são paulo"") OR author.affiliation.ror_id_lineage:(""03p74gp79"" OR ""0220qvk04"" OR ""013q1eq08"" OR ""0064kty71"" OR ""00a2xv884"" OR ""02v51f717"" OR ""013xs5b60"" OR ""04h9pn542"" OR ""04jztag35"" OR ""011ashp19"" OR ""059gcgy73"" OR ""00p991c53"" OR ""02jx3x895"" OR ""056d84691"" OR ""052gg0110"" OR ""035b05819"" OR ""05f82e368"" OR ""0220mzb33"" OR ""04dkp9463"" OR ""041kmwe10"" OR ""04pp8hn57"" OR ""038t36y30"" OR ""00wjc7c48"" OR ""057w15z03"" OR ""046ak2485"" OR ""013meh722"" OR ""01hcx6992"" OR ""02crff812"" OR ""04mhzgx49"" OR ""03vek6s52"" OR ""00za53h95"" OR ""03dbr7087"" OR ""00b30xv10"" OR ""043mz5j54"" OR ""00py81415"" OR ""00jmfr291"" OR ""00f54p054"" OR ""01ej9dk98"" OR ""0384j8v12"" OR ""036rp1748"")) AND publication_type:""journal article"" AND date_published>=now-24M AND date_published<=now-12M AND field_of_study: ((""Medicine"" OR ""Internal medicine"" OR ""Pharmacology"") AND (""Gastroenterology"" OR ""Ulcerative colitis"" OR ""Inflammatory bowel disease"" OR ""Crohn's disease""))",AND date_published>=now-24M AND date_published<=now-12M,"AND field_of_study: ((""Medicine"" OR ""Internal medicine"" OR ""Pharmacology"") AND (""Gastroenterology"" OR ""Ulcerative colitis"" OR ""Inflammatory bowel disease"" OR ""Crohn's disease""))",NA,Uni,Gastroenterology,3267,7042,10309
microbiology (inc infections)  (primary search + microbiology tags) (12 - 24 months) - uni,"(author.affiliation.name:(""university of cape town"" OR ""south african college"" OR ""shanghai jiao tong university"" OR ""shanghai communications university"" OR ""fudan university"" OR ""sun yat-sen university"" OR ""zhejiang university"" OR ""chekiang university"" OR ""peking university"" OR ""imperial university of peking"" OR ""capital medical university"" OR ""cmu"" OR ""seoul national university"" OR ""seoul daehakgyo"" OR ""peking union medical college"" OR ""beijing xiehe hospital"" OR ""sichuan university"" OR ""sìchuān dàxué"" OR ""nanjing medical university"" OR ""national jiangsu medical college"" OR ""huazhong university of science and technology"" OR ""huázhōng kējì dàxué"" OR ""university college london"" OR ""london university"" OR ""karolinska institutet"" OR ""royal caroline institute"" OR ""university of oxford"" OR ""oxford university"" OR ""university of copenhagen"" OR ""universität kopenhagen"" OR ""université de paris"" OR ""university of paris"" OR ""king's college london"" OR ""kcl"" OR ""university of amsterdam"" OR ""universiteit van amsterdam"" OR ""imperial college london"" OR ""coleg imperial llundain"" OR ""utrecht university"" OR ""universiteit utrecht"" OR ""heidelberg university"" OR ""ruprecht-karls-universität heidelberg"" OR ""university of milan"" OR ""université de milan"" OR ""erasmus university rotterdam"" OR ""erasmus universiteit rotterdam"" OR ""freie universität berlin"" OR ""free university of berlin"" OR ""university of cambridge"" OR ""cambridge university"" OR ""humboldt-universität zu berlin"" OR ""humboldt university of berlin"" OR ""university of zurich"" OR ""universität zürich"" OR ""tel aviv university"" OR ""harvard university"" OR ""universidad de harvard"" OR ""johns hopkins university"" OR ""jhu"" OR ""university of toronto"" OR ""université de toronto"" OR ""university of pennsylvania"" Or ""upenn"" OR ""university of california, san francisco"" OR ""ucsf"" OR ""duke university"" OR ""Universidad de Duke"" OR ""university of michigan"" OR ""umich"" OR ""stanford university"" OR ""leland stanford junior university"" OR ""university of melbourne"" OR ""melbourne university"" OR ""university of sydney"" OR ""sydney university"" OR ""university of são paulo"" OR ""universidade de são paulo"") OR author.affiliation.ror_id_lineage:(""03p74gp79"" OR ""0220qvk04"" OR ""013q1eq08"" OR ""0064kty71"" OR ""00a2xv884"" OR ""02v51f717"" OR ""013xs5b60"" OR ""04h9pn542"" OR ""04jztag35"" OR ""011ashp19"" OR ""059gcgy73"" OR ""00p991c53"" OR ""02jx3x895"" OR ""056d84691"" OR ""052gg0110"" OR ""035b05819"" OR ""05f82e368"" OR ""0220mzb33"" OR ""04dkp9463"" OR ""041kmwe10"" OR ""04pp8hn57"" OR ""038t36y30"" OR ""00wjc7c48"" OR ""057w15z03"" OR ""046ak2485"" OR ""013meh722"" OR ""01hcx6992"" OR ""02crff812"" OR ""04mhzgx49"" OR ""03vek6s52"" OR ""00za53h95"" OR ""03dbr7087"" OR ""00b30xv10"" OR ""043mz5j54"" OR ""00py81415"" OR ""00jmfr291"" OR ""00f54p054"" OR ""01ej9dk98"" OR ""0384j8v12"" OR ""036rp1748"")) AND publication_type:""journal article"" AND date_published>=now-24M AND date_published<=now-12M AND field_of_study: ((""Medicine"" OR ""Internal medicine"" OR ""Pharmacology"") AND (""Virology"" OR ""Virus"" OR ""Microbiology"" OR ""Infectious disease (medical specialty)"" OR ""Viral load"" OR ""Pneumonia"" OR ""Human immunodeficiency virus (HIV)"" OR ""Hepatitis C virus"" OR ""Hepatitis C"" OR ""Immunization"" OR ""Bacteria"" OR ""Tuberculosis"" OR ""Antibiotic resistance"" OR ""Hepatitis B virus""))",AND date_published>=now-24M AND date_published<=now-12M,"AND field_of_study: ((""Medicine"" OR ""Internal medicine"" OR ""Pharmacology"") AND (""Virology"" OR ""Virus"" OR ""Microbiology"" OR ""Infectious disease (medical specialty)"" OR ""Viral load"" OR ""Pneumonia"" OR ""Human immunodeficiency virus (HIV)"" OR ""Hepatitis C virus"" OR ""Hepatitis C"" OR ""Immunization"" OR ""Bacteria"" OR ""Tuberculosis"" OR ""Antibiotic resistance"" OR ""Hepatitis B virus""))",NA,Uni,Microbiology,3391,16454,19845
psychiatry (primary search + psychiatry tags) (12 - 24 months) - uni,"(author.affiliation.name:(""university of cape town"" OR ""south african college"" OR ""shanghai jiao tong university"" OR ""shanghai communications university"" OR ""fudan university"" OR ""sun yat-sen university"" OR ""zhejiang university"" OR ""chekiang university"" OR ""peking university"" OR ""imperial university of peking"" OR ""capital medical university"" OR ""cmu"" OR ""seoul national university"" OR ""seoul daehakgyo"" OR ""peking union medical college"" OR ""beijing xiehe hospital"" OR ""sichuan university"" OR ""sìchuān dàxué"" OR ""nanjing medical university"" OR ""national jiangsu medical college"" OR ""huazhong university of science and technology"" OR ""huázhōng kējì dàxué"" OR ""university college london"" OR ""london university"" OR ""karolinska institutet"" OR ""royal caroline institute"" OR ""university of oxford"" OR ""oxford university"" OR ""university of copenhagen"" OR ""universität kopenhagen"" OR ""université de paris"" OR ""university of paris"" OR ""king's college london"" OR ""kcl"" OR ""university of amsterdam"" OR ""universiteit van amsterdam"" OR ""imperial college london"" OR ""coleg imperial llundain"" OR ""utrecht university"" OR ""universiteit utrecht"" OR ""heidelberg university"" OR ""ruprecht-karls-universität heidelberg"" OR ""university of milan"" OR ""université de milan"" OR ""erasmus university rotterdam"" OR ""erasmus universiteit rotterdam"" OR ""freie universität berlin"" OR ""free university of berlin"" OR ""university of cambridge"" OR ""cambridge university"" OR ""humboldt-universität zu berlin"" OR ""humboldt university of berlin"" OR ""university of zurich"" OR ""universität zürich"" OR ""tel aviv university"" OR ""harvard university"" OR ""universidad de harvard"" OR ""johns hopkins university"" OR ""jhu"" OR ""university of toronto"" OR ""université de toronto"" OR ""university of pennsylvania"" Or ""upenn"" OR ""university of california, san francisco"" OR ""ucsf"" OR ""duke university"" OR ""Universidad de Duke"" OR ""university of michigan"" OR ""umich"" OR ""stanford university"" OR ""leland stanford junior university"" OR ""university of melbourne"" OR ""melbourne university"" OR ""university of sydney"" OR ""sydney university"" OR ""university of são paulo"" OR ""universidade de são paulo"") OR author.affiliation.ror_id_lineage:(""03p74gp79"" OR ""0220qvk04"" OR ""013q1eq08"" OR ""0064kty71"" OR ""00a2xv884"" OR ""02v51f717"" OR ""013xs5b60"" OR ""04h9pn542"" OR ""04jztag35"" OR ""011ashp19"" OR ""059gcgy73"" OR ""00p991c53"" OR ""02jx3x895"" OR ""056d84691"" OR ""052gg0110"" OR ""035b05819"" OR ""05f82e368"" OR ""0220mzb33"" OR ""04dkp9463"" OR ""041kmwe10"" OR ""04pp8hn57"" OR ""038t36y30"" OR ""00wjc7c48"" OR ""057w15z03"" OR ""046ak2485"" OR ""013meh722"" OR ""01hcx6992"" OR ""02crff812"" OR ""04mhzgx49"" OR ""03vek6s52"" OR ""00za53h95"" OR ""03dbr7087"" OR ""00b30xv10"" OR ""043mz5j54"" OR ""00py81415"" OR ""00jmfr291"" OR ""00f54p054"" OR ""01ej9dk98"" OR ""0384j8v12"" OR ""036rp1748"")) AND publication_type:""journal article"" AND date_published>=now-24M AND date_published<=now-12M AND field_of_study: ((""Medicine"" OR ""Internal medicine"" OR ""Pharmacology"") AND (""Psychiatry"" OR ""Psychology"" OR ""Psychological intervention"" OR ""Dementia"" OR ""Clinical psychology"" OR ""Anxiety"" OR ""Major depressive disorder"" OR ""Schizophrenia"" OR ""Alzheimer's disease""))",AND date_published>=now-24M AND date_published<=now-12M,"AND field_of_study: ((""Medicine"" OR ""Internal medicine"" OR ""Pharmacology"") AND (""Psychiatry"" OR ""Psychology"" OR ""Psychological intervention"" OR ""Dementia"" OR ""Clinical psychology"" OR ""Anxiety"" OR ""Major depressive disorder"" OR ""Schizophrenia"" OR ""Alzheimer's disease""))",NA,Uni,Psychiatry,10684,27896,38580
respiratory (primary search + respiratory tags) (12 - 24 months) - uni,"(author.affiliation.name:(""university of cape town"" OR ""south african college"" OR ""shanghai jiao tong university"" OR ""shanghai communications university"" OR ""fudan university"" OR ""sun yat-sen university"" OR ""zhejiang university"" OR ""chekiang university"" OR ""peking university"" OR ""imperial university of peking"" OR ""capital medical university"" OR ""cmu"" OR ""seoul national university"" OR ""seoul daehakgyo"" OR ""peking union medical college"" OR ""beijing xiehe hospital"" OR ""sichuan university"" OR ""sìchuān dàxué"" OR ""nanjing medical university"" OR ""national jiangsu medical college"" OR ""huazhong university of science and technology"" OR ""huázhōng kējì dàxué"" OR ""university college london"" OR ""london university"" OR ""karolinska institutet"" OR ""royal caroline institute"" OR ""university of oxford"" OR ""oxford university"" OR ""university of copenhagen"" OR ""universität kopenhagen"" OR ""université de paris"" OR ""university of paris"" OR ""king's college london"" OR ""kcl"" OR ""university of amsterdam"" OR ""universiteit van amsterdam"" OR ""imperial college london"" OR ""coleg imperial llundain"" OR ""utrecht university"" OR ""universiteit utrecht"" OR ""heidelberg university"" OR ""ruprecht-karls-universität heidelberg"" OR ""university of milan"" OR ""université de milan"" OR ""erasmus university rotterdam"" OR ""erasmus universiteit rotterdam"" OR ""freie universität berlin"" OR ""free university of berlin"" OR ""university of cambridge"" OR ""cambridge university"" OR ""humboldt-universität zu berlin"" OR ""humboldt university of berlin"" OR ""university of zurich"" OR ""universität zürich"" OR ""tel aviv university"" OR ""harvard university"" OR ""universidad de harvard"" OR ""johns hopkins university"" OR ""jhu"" OR ""university of toronto"" OR ""université de toronto"" OR ""university of pennsylvania"" Or ""upenn"" OR ""university of california, san francisco"" OR ""ucsf"" OR ""duke university"" OR ""Universidad de Duke"" OR ""university of michigan"" OR ""umich"" OR ""stanford university"" OR ""leland stanford junior university"" OR ""university of melbourne"" OR ""melbourne university"" OR ""university of sydney"" OR ""sydney university"" OR ""university of são paulo"" OR ""universidade de são paulo"") OR author.affiliation.ror_id_lineage:(""03p74gp79"" OR ""0220qvk04"" OR ""013q1eq08"" OR ""0064kty71"" OR ""00a2xv884"" OR ""02v51f717"" OR ""013xs5b60"" OR ""04h9pn542"" OR ""04jztag35"" OR ""011ashp19"" OR ""059gcgy73"" OR ""00p991c53"" OR ""02jx3x895"" OR ""056d84691"" OR ""052gg0110"" OR ""035b05819"" OR ""05f82e368"" OR ""0220mzb33"" OR ""04dkp9463"" OR ""041kmwe10"" OR ""04pp8hn57"" OR ""038t36y30"" OR ""00wjc7c48"" OR ""057w15z03"" OR ""046ak2485"" OR ""013meh722"" OR ""01hcx6992"" OR ""02crff812"" OR ""04mhzgx49"" OR ""03vek6s52"" OR ""00za53h95"" OR ""03dbr7087"" OR ""00b30xv10"" OR ""043mz5j54"" OR ""00py81415"" OR ""00jmfr291"" OR ""00f54p054"" OR ""01ej9dk98"" OR ""0384j8v12"" OR ""036rp1748"")) AND publication_type:""journal article"" AND date_published>=now-24M AND date_published<=now-12M AND field_of_study: ((""Medicine"" OR ""Internal medicine"" OR ""Pharmacology"") AND (""COPD"" OR ""Asthma"" OR ""Lung"" OR ""Idiopathic pulmonary fibrosis"" OR ""Respiratory system"" OR ""Spirometry"" OR ""Pulmonary disease"" OR ""Respiratory tract infections""))",AND date_published>=now-24M AND date_published<=now-12M,"AND field_of_study: ((""Medicine"" OR ""Internal medicine"" OR ""Pharmacology"") AND (""COPD"" OR ""Asthma"" OR ""Lung"" OR ""Idiopathic pulmonary fibrosis"" OR ""Respiratory system"" OR ""Spirometry"" OR ""Pulmonary disease"" OR ""Respiratory tract infections""))",NA,Uni,Respiratory,1293,3772,5065
genitourinary disorders (including nephrology)  (primary search + genitourinary tags) (12 - 24 months) - uni,"(author.affiliation.name:(""university of cape town"" OR ""south african college"" OR ""shanghai jiao tong university"" OR ""shanghai communications university"" OR ""fudan university"" OR ""sun yat-sen university"" OR ""zhejiang university"" OR ""chekiang university"" OR ""peking university"" OR ""imperial university of peking"" OR ""capital medical university"" OR ""cmu"" OR ""seoul national university"" OR ""seoul daehakgyo"" OR ""peking union medical college"" OR ""beijing xiehe hospital"" OR ""sichuan university"" OR ""sìchuān dàxué"" OR ""nanjing medical university"" OR ""national jiangsu medical college"" OR ""huazhong university of science and technology"" OR ""huázhōng kējì dàxué"" OR ""university college london"" OR ""london university"" OR ""karolinska institutet"" OR ""royal caroline institute"" OR ""university of oxford"" OR ""oxford university"" OR ""university of copenhagen"" OR ""universität kopenhagen"" OR ""université de paris"" OR ""university of paris"" OR ""king's college london"" OR ""kcl"" OR ""university of amsterdam"" OR ""universiteit van amsterdam"" OR ""imperial college london"" OR ""coleg imperial llundain"" OR ""utrecht university"" OR ""universiteit utrecht"" OR ""heidelberg university"" OR ""ruprecht-karls-universität heidelberg"" OR ""university of milan"" OR ""université de milan"" OR ""erasmus university rotterdam"" OR ""erasmus universiteit rotterdam"" OR ""freie universität berlin"" OR ""free university of berlin"" OR ""university of cambridge"" OR ""cambridge university"" OR ""humboldt-universität zu berlin"" OR ""humboldt university of berlin"" OR ""university of zurich"" OR ""universität zürich"" OR ""tel aviv university"" OR ""harvard university"" OR ""universidad de harvard"" OR ""johns hopkins university"" OR ""jhu"" OR ""university of toronto"" OR ""université de toronto"" OR ""university of pennsylvania"" Or ""upenn"" OR ""university of california, san francisco"" OR ""ucsf"" OR ""duke university"" OR ""Universidad de Duke"" OR ""university of michigan"" OR ""umich"" OR ""stanford university"" OR ""leland stanford junior university"" OR ""university of melbourne"" OR ""melbourne university"" OR ""university of sydney"" OR ""sydney university"" OR ""university of são paulo"" OR ""universidade de são paulo"") OR author.affiliation.ror_id_lineage:(""03p74gp79"" OR ""0220qvk04"" OR ""013q1eq08"" OR ""0064kty71"" OR ""00a2xv884"" OR ""02v51f717"" OR ""013xs5b60"" OR ""04h9pn542"" OR ""04jztag35"" OR ""011ashp19"" OR ""059gcgy73"" OR ""00p991c53"" OR ""02jx3x895"" OR ""056d84691"" OR ""052gg0110"" OR ""035b05819"" OR ""05f82e368"" OR ""0220mzb33"" OR ""04dkp9463"" OR ""041kmwe10"" OR ""04pp8hn57"" OR ""038t36y30"" OR ""00wjc7c48"" OR ""057w15z03"" OR ""046ak2485"" OR ""013meh722"" OR ""01hcx6992"" OR ""02crff812"" OR ""04mhzgx49"" OR ""03vek6s52"" OR ""00za53h95"" OR ""03dbr7087"" OR ""00b30xv10"" OR ""043mz5j54"" OR ""00py81415"" OR ""00jmfr291"" OR ""00f54p054"" OR ""01ej9dk98"" OR ""0384j8v12"" OR ""036rp1748"")) AND publication_type:""journal article"" AND date_published>=now-24M AND date_published<=now-12M AND field_of_study: ((""Medicine"" OR ""Internal medicine"" OR ""Pharmacology"") AND (""Urology"" OR ""Renal function"" OR ""Kidney disease"" OR ""Kidney"" OR ""Urinary system"" OR ""Urine"" OR ""End stage renal disease"" OR ""Acute kidney injury""))",AND date_published>=now-24M AND date_published<=now-12M,"AND field_of_study: ((""Medicine"" OR ""Internal medicine"" OR ""Pharmacology"") AND (""Urology"" OR ""Renal function"" OR ""Kidney disease"" OR ""Kidney"" OR ""Urinary system"" OR ""Urine"" OR ""End stage renal disease"" OR ""Acute kidney injury""))",NA,Uni,Genitourinary disorders,2135,4119,6254
